{
    "122": {
        "author": "shahab",
        "date_added": "2020-07-28 14:12:10",
        "id": "122",
        "name": "sinooheh",
        "status": "issued",
        "subject": "travel life story"
    },
    "134": {
        "author": "astronauts",
        "date_added": "2020-07-28 14:12:10",
        "id": "134",
        "name": "Time Machine",
        "status": "rented",
        "subject": "fiction"
    },
    "250": {
        "author": "khorshid",
        "date_added": "2020-07-28 14:12:10",
        "id": "250",
        "name": "night stories",
        "status": "rented",
        "subject": "kidss"
    },
    "300": {
        "author": "khorshid",
        "date_added": "2020-07-28 14:12:10",
        "id": "300",
        "name": "night stories",
        "status": "rented",
        "subject": "kidss"
    }
}
