{
    
    "1": {
        "AccountType": 1,
        "ExpireDate": "2030-01-01",
        "Name": "ADMIN",
        "Password": "36f8d9ce920097647b28d2a4138f3f5b8f11ee061429e9075e88854d81bb0d3cbf7ed28b90476b179a37da6e97755daa4181c61403719286aa1781f5daf939e6",
        "RentedBooks": {
        },
        "Username": "ADMIN",
        "date_added": "2020-08-01",
        "id": "1"
    },
    "2": {
        "AccountType": 0,
        "ExpireDate": "2025-12-12",
        "Name": "MEMBER",
        "Password": "5846cfa4ab77555677a2f1f85de841cc2ea63ab53897d285c58565959adbbbb556d9ed3935be9f49edd4100053e68c82360f144b270a28ae4ab63ddba41ee72c",
        "RentedBooks": {
        },
        "Username": "MEMBER",
        "date_added": "2020-08-01",
        "id": "2"
    },
    "3": {
        "AccountType": 1,
        "ExpireDate": "2030-09-09",
        "Name": "ali",
        "Password": "692a9d3061da749065ca0ae2284ebd253a9a86b73892be8fad7f4e4ead3c3506ad409b6f9e3448017ab93ab3a76f6bb8bb364e627776806fee250afa22f4ac2f",
        "RentedBooks": {
        },
        "Username": "ADMIN1",
        "date_added": "2020-08-01",
        "id": "3"
    },
    "4": {
        "AccountType": 1,
        "ExpireDate": "2030-09-09",
        "Name": "ali",
        "Password": "36f8d9ce920097647b28d2a4138f3f5b8f11ee061429e9075e88854d81bb0d3cbf7ed28b90476b179a37da6e97755daa4181c61403719286aa1781f5daf939e6",
        "RentedBooks": {
        },
        "Username": "ADMIN1",
        "date_added": "2020-08-01",
        "id": "3"
    },
    "6": {
        "AccountType": 0,
        "ExpireDate": "2025-08-08",
        "Name": "MNB",
        "Password": "36f8d9ce920097647b28d2a4138f3f5b8f11ee061429e9075e88854d81bb0d3cbf7ed28b90476b179a37da6e97755daa4181c61403719286aa1781f5daf939e6",
        "RentedBooks": {
            "134": "2021-09-09",
            "300": "3030-03-22"
        },
        "Username": "ADMINADMIN",
        "date_added": "2020-08-02",
        "id": "6"
    }
}
