{
    "122": {
        "author": "G",
        "date_added": "2020-07-28 14:12:10",
        "name": "ETHK",
        "status": "available",
        "subject": "R"
    },
    "134": {
        "author": "F",
        "date_added": "2020-07-28 14:12:10",
        "name": "FNAME",
        "status": "available",
        "subject": "FS"
    },
    "152": {
        "author": "NEW A",
        "date_added": "2020-07-28 14:12:10",
        "name": "NEW N",
        "status": "available",
        "subject": "NEW S"
    },
    "250": {
        "author": "B",
        "date_added": "2020-07-28 14:12:10",
        "name": "ETHKLDTNGK",
        "status": "available",
        "subject": "R"
    }
}
